{"cameraMode":{"drawMode":0,"name":"Shaded","section":"Shading Mode"},"sceneLighting":false,"audioPlay":false,"sceneViewState":{"m_AlwaysRefresh":false,"showFog":true,"showSkybox":false,"showFlares":true,"showImageEffects":true,"showParticleSystems":true,"showVisualEffectGraphs":true,"m_FxEnabled":true},"in2DMode":false,"pivot":{"x":-0.3531462550163269,"y":0.17804549634456635,"z":-0.3030506372451782},"rotation":{"x":0.08152085542678833,"y":0.9133324027061462,"z":-0.32562023401260378,"w":0.23056279122829438},"size":1.5286672115325928,"orthographic":false}