{"cameraMode":{"drawMode":0,"name":"Shaded","section":"Shading Mode"},"sceneLighting":false,"audioPlay":false,"sceneViewState":{"m_AlwaysRefresh":false,"showFog":true,"showSkybox":false,"showFlares":true,"showImageEffects":true,"showParticleSystems":true,"showVisualEffectGraphs":true,"m_FxEnabled":true},"in2DMode":false,"pivot":{"x":0.04830062389373779,"y":-0.04132080078125,"z":-0.18812623620033265},"rotation":{"x":0.20634698867797852,"y":0.7925629615783691,"z":-0.42083215713500979,"w":0.3900955617427826},"size":0.6699507236480713,"orthographic":false}